{
  "accuracy": 0.9371,
  "precision": 0.9497839061535295,
  "recall": 0.923,
  "f1_score": 0.9362004260066944,
  "roc_auc": 0.9845191599999998
}