{
  "accuracy": 0.575,
  "precision": 0.5789473684210527,
  "recall": 0.55,
  "f1_score": 0.5641025641025641,
  "roc_auc": 0.5961879999999999
}